{"SX.201709270625.0002": {"X313806": {"dist": 435.8122914157842, "P": 62.2626534, "S": 110.098602}, "X313813": {"dist": 328.28719018175747, "P": 48.838295, "S": 85.8562088}, "X313819": {"dist": 197.52663553195669, "P": 32.0369186, "S": 55.2372932}, "X313820": {"dist": 228.03437331828783, "P": 36.0338669, "S": 62.3491554}, "X314821": {"dist": 63.315123835294955, "P": 10.9976254, "S": 18.8027534}, "X314827": {"dist": 96.3992131100968, "P": 16.2374134, "S": 27.8171825}, "X314864": {"dist": 165.91380256135807, "P": 27.187582, "S": 46.2723961}, "X314868": {"dist": 87.53148591272681, "P": 15.307313, "S": 26.0283241}, "X314871": {"dist": 160.47174566661747, "P": 26.6539764, "S": 45.3031235}, "X314880": {"dist": 144.57660000182346, "P": 24.2713947, "S": 41.2875137}}, "SX.201709270107.0001": {"X313806": {"dist": 596.7389713414268, "P": 82.6953354, "S": 146.276184}, "X313813": {"dist": 482.6817807081995, "P": 68.5075531, "S": 120.423729}, "X313819": {"dist": 349.3251868586687, "P": 51.7601776, "S": 90.346344}, "X313820": {"dist": 373.16774872751074, "P": 54.6639977, "S": 95.1155548}, "X314821": {"dist": 209.52609080199971, "P": 33.7615318, "S": 58.920929}, "X314827": {"dist": 242.9555971992153, "P": 38.3030434, "S": 66.9614792}, "X314864": {"dist": 103.62921469680795, "P": 17.520216, "S": 29.7643032}, "X314868": {"dist": 91.4697237344403, "P": 15.765152, "S": 26.8546181}, "X314871": {"dist": 54.332970892975425, "P": 9.5996666, "S": 16.3403625}, "X314880": {"dist": 82.58782228594119, "P": 14.1239424, "S": 24.1371155}}, "SX.201709261609.0001": {"X313806": {"dist": 572.3511165400168, "P": 77.5686722, "S": 137.606918}, "X313813": {"dist": 463.42759168154606, "P": 63.9978981, "S": 113.097778}, "X313819": {"dist": 330.94635297109585, "P": 47.3796806, "S": 83.1231842}, "X313820": {"dist": 357.7749371451764, "P": 50.6623192, "S": 88.6135788}, "X314821": {"dist": 177.56996093836432, "P": 27.7728996, "S": 48.5454826}, "X314827": {"dist": 210.02616094013672, "P": 32.2273788, "S": 56.3253784}, "X314864": {"dist": 73.10557112915286, "P": 12.9108562, "S": 21.7810917}, "X314868": {"dist": 85.05380160725089, "P": 14.7519598, "S": 25.1145821}, "X314871": {"dist": 32.02609963588131, "P": 7.2004199, "S": 12.1980076}, "X314880": {"dist": 100.47999714953531, "P": 16.8757744, "S": 28.9685249}}, "HE.201709261231.0001": {"X313806": {"dist": 89.16186292788866, "P": 15.3797112, "S": 26.0455151}, "X313813": {"dist": 61.83459864688959, "P": 10.8745022, "S": 18.4624462}, "X313819": {"dist": 194.16624449150817, "P": 31.8603573, "S": 55.5063515}, "X313820": {"dist": 179.0597490121621, "P": 29.8309803, "S": 51.8040771}, "X314821": {"dist": 365.5026078843181, "P": 53.9437103, "S": 95.3408279}, "X314827": {"dist": 347.01908751304205, "P": 51.6066208, "S": 91.3106918}, "X314864": {"dist": 546.2636430477718, "P": 76.2123108, "S": 134.326569}, "X314868": {"dist": 453.5403215053281, "P": 65.1585083, "S": 114.738785}, "X314871": {"dist": 546.9783708995978, "P": 76.3962784, "S": 134.838699}, "X314880": {"dist": 493.95590120747613, "P": 70.0712204, "S": 123.148819}}, "HE.201709260929.0001": {"X313806": {"dist": 96.65054362057359, "P": 16.7169609, "S": 28.3996983}, "X313813": {"dist": 66.95232104189867, "P": 11.8647766, "S": 20.299696}, "X313819": {"dist": 162.68058652563337, "P": 26.7827187, "S": 46.8116722}, "X313820": {"dist": 161.80751374583966, "P": 26.6684132, "S": 46.53479}, "X314821": {"dist": 311.7298757374857, "P": 46.3445625, "S": 82.1424561}, "X314827": {"dist": 289.86878440657705, "P": 43.6429482, "S": 77.3936234}, "X314864": {"dist": 494.30763390060963, "P": 68.9026031, "S": 121.466721}, "X314868": {"dist": 414.39257003711896, "P": 59.3277321, "S": 104.339546}, "X314871": {"dist": 499.4758237259642, "P": 69.5090103, "S": 122.68959}, "X314880": {"dist": 459.69693618023666, "P": 64.9320068, "S": 114.158882}}, "SX.201709260825.0001": {"X313806": {"dist": 360.65616678791986, "P": 54.1984024, "S": 96.0850449}, "X313813": {"dist": 271.9953711861738, "P": 42.9914131, "S": 75.5137405}, "X313819": {"dist": 158.0242711201253, "P": 26.4181805, "S": 44.90242}, "X313820": {"dist": 196.5284391645536, "P": 32.9079666, "S": 55.7261963}, "X314821": {"dist": 42.93890637719351, "P": 7.79635572, "S": 13.3082581}, "X314827": {"dist": 27.51088434489951, "P": 5.1587882, "S": 8.84343719}, "X314864": {"dist": 225.54343966509188, "P": 36.56427, "S": 63.7008057}, "X314868": {"dist": 180.16909977593937, "P": 30.5111523, "S": 52.1275787}, "X314871": {"dist": 236.15111015072935, "P": 38.1747437, "S": 66.1777725}, "X314880": {"dist": 236.89581111308902, "P": 38.1845589, "S": 66.1855774}}}